Country, Validated KYC
KOR,1423
MAC,8
VUT,3
UNK,1
BGR,59
DOM,4
TUN,8
TGO,3
URY,4
COL,43
TZA,2
NPL,13
QAT,1
TJK,7
LIE,1
TUR,2660
ARG,93
MCO,2
MUS,1
BRA,258
GBR,287
AUS,245
BHS,1
PHL,338
MNG,28
SOM,1
TWN,768
CZE,60
LKA,27
CYP,15
LTU,62
JOR,12
DNK,13
ECU,12
PAK,81
MRT,1
BEN,3
ISR,80
SVK,20
SVN,19
GRD,1
MWI,1
GHA,11
GTM,2
POL,127
JAM,3
ALB,1
AZE,40
LCA,2
UKR,3428
KAZ,317
CMR,8
MDG,2
BTN,1
KEN,3
VNM,3841
AGO,1
BRB,1
DEU,246
RUS,7134
PER,22
ARE,52
FIN,19
CRI,7
EGY,28
USA,8
KNA,2
NZL,26
MLT,3
DZA,20
GIB,1
SRB,13
SEN,2
GRC,31
CAN,157
AUT,30
AND,2
ETH,2
JPN,901
SWE,26
SUR,1
ITA,320
NLD,91
NOR,14
TTO,1
LVA,144
SAU,50
HUN,28
BEL,65
ARM,24
ZAF,37
KGZ,62
NGA,225
KHM,16
GNQ,1
ESP,263
CHL,31
MYS,266
VCT,1
MDV,1
IND,510
IDN,563
BGD,103
FRA,433
GEO,135
UGA,8
MKD,5
LUX,7
ISL,3
UZB,81
HRV,19
PRT,91
EST,65
CHE,71
IRL,17
BOL,9
OMN,3
SLV,2
PRY,3
MDA,134
ROU,185
HND,10
PAN,3
BHR,1
THA,1179
MAR,36
MNE,1
KWT,2
HKG,459
SGP,278
MEX,39
NIC,2
